cpf,nome,arg_class,ano_entrada
111.757.432-57,Vitor Leonardo,41.88,2018
111.304.739-63,Alana Viviane,435.30,2018
111.249.650-26,Eloah Vitoria,516.60,2018
111.827.525-84,Helena Enzo,0.00,2018
111.256.963-77,Marcelo Matheus,548.60,2018
111.197.646-05,Manuela Diego,46.13,2018
111.268.982-19,Larissa Bruna,0.00,2018
111.139.323-70,Caio Sophie,495.40,2018
111.761.863-58,Julia Bruna,471.20,2018
111.543.419-80,Lorena Thales,613.60,2018
111.326.600-22,Helena Alice,505.70,2018
111.272.256-36,Mariana Roberto,527.20,2018
111.946.086-52,Marcelo Alice,35.92,2018
111.448.902-10,Alana Wagner,54.00,2018
111.846.646-97,Bianca Lara,656.44,2018
111.481.611-80,Raul Lais,542.10,2018
111.487.069-31,Carolina Guilherme,517.60,2018
111.408.405-53,Daniel Caua,48.30,2018
111.033.173-81,Lara Paula,542.40,2018
111.905.287-37,Mateus Caua,529.30,2018
111.808.994-16,Larissa Melissa,581.80,2018
111.334.489-05,Gabriel Sophie,0.00,2018
111.157.846-50,Clara Luana,480.80,2018
111.959.386-04,Caio Vinicius,0.00,2018
111.347.791-03,Nicolas Joao,36.98,2018
111.938.322-66,Luan Lara,526.20,2018
111.182.762-87,Miguel Marcos,57.77,2018
111.466.302-70,Maria Cecilia,648.96,2018
111.135.527-20,Leandro Juliana,488.80,2018
111.575.768-60,Lorena Beatriz,0.00,2018
111.299.969-26,Fernando Eduardo,497.00,2018
111.569.081-13,Caroline Lorena,519.10,2018
111.746.411-30,Mateus Valeria,504.90,2018
111.935.377-23,Bruno Eloah,489.10,2018
111.951.431-56,Diego Guilherme,534.60,2018
111.558.659-22,Vinicius Caio,52.81,2018
111.637.032-01,Manuela Joao,556.70,2018
111.366.129-67,Vinicius Luiz,40.00,2018
111.691.438-51,Daniel Hugo,0.00,2018
111.049.408-23,Evelyn Rafael,39.75,2018
111.786.807-30,Sophia Lucas,46.11,2018
111.389.065-58,Eduarda Daniel,536.90,2018
111.678.129-12,Leandro Maria,54.19,2018
111.887.394-41,Nicolas Elisa,16.00,2018
111.507.975-48,Melissa Diego,437.90,2018
111.512.604-22,Alex Alana,641.84,2018
111.076.776-21,Diego Enzo,657.54,2018
111.029.752-80,Isabela Guilherme,63.90,2018
111.115.635-30,Jose Marcelo,412.60,2018
111.308.289-96,Bianca Raul,499.20,2018
111.266.854-20,Luana Hugo,519.60,2018
111.948.369-29,Bianca Eduardo,0.00,2018
111.738.447-90,Miguel Lorena,0.00,2018
111.900.924-29,Rafael Hugo,632.12,2018
111.826.360-90,Diego Melissa,503.00,2018
111.130.036-88,Yuri Eloah,42.22,2018
111.240.527-45,Leticia Vinicius,535.50,2018
111.190.216-27,Clara Eloah,616.66,2018
111.985.350-17,Felipe Vitor,31.37,2018
111.652.867-20,Joao Julia,684.22,2018
111.295.903-08,Elisa Maria,0.00,2018
111.431.929-37,Jose Isabela,530.30,2018
111.589.822-69,Fernanda Leticia,34.29,2018
111.783.449-44,Alex Catarina,55.27,2018
111.801.200-83,Jose Amanda,651.20,2018
111.437.483-00,Carolina Ricardo,41.44,2018
111.261.106-48,Luana Bruna,51.57,2018
111.234.732-80,Nathanael Alex,531.40,2018
111.294.628-31,Bianca Otavio,46.90,2018
111.337.687-17,Valentina Clara,43.18,2018
111.213.027-84,Vitoria Isabela,498.10,2018
111.461.091-29,Amanda Renan,0.00,2018
111.620.325-63,Fernando Alex,699.52,2018
111.636.675-91,Gabriel Caio,503.20,2018
111.651.907-02,Valeria Lorena,657.20,2018
111.945.158-15,Miguel Paula,740.74,2018
111.497.225-33,Leticia Leticia,607.94,2018
111.336.190-67,Mauricio Ricardo,566.00,2018
111.502.480-49,Nathanael Livia,510.80,2018
111.398.887-00,Natalia Leandro,495.60,2018
111.143.490-27,Alice Caio,473.60,2018
111.464.741-49,Mauricio Luan,497.70,2018
111.024.013-40,Catarina Luana,547.20,2018
111.172.032-73,Isabela Ricardo,560.80,2018
111.601.611-56,Amanda Luca,516.90,2018
111.321.465-87,Eloah Livia,519.00,2018
111.511.564-09,Jose Vanessa,621.98,2018
111.741.727-85,Cecilia Melissa,538.20,2018
111.387.152-13,Isabela Michele,55.33,2018
111.253.456-37,Bruna Isabela,576.50,2018
111.355.663-40,Sophie Diego,581.60,2018
111.548.439-83,Lais Leticia,35.38,2018
111.580.034-04,Mateus Lucas,514.60,2018
111.622.419-63,Joao Camila,0.00,2018
111.354.538-75,Daniel Leonardo,553.40,2018
111.748.953-08,Manuela Clara,619.52,2018
111.413.811-54,Julia Lorena,37.85,2018
111.218.114-95,Lorena Laura,49.88,2018
111.256.301-37,Bruno Renan,471.30,2018
111.573.904-10,Leticia Diego,525.30,2018
111.267.256-46,Sophie Isabela,613.80,2018
111.017.509-28,Manuela Marcelo,44.50,2018
111.637.300-32,Evelyn Luiz,534.40,2018
111.156.757-15,Sofia Julia,566.90,2018
111.284.732-23,Valentina Carolina,41.44,2018
111.508.083-76,Rodrigo Alice,541.50,2018
111.727.108-90,Pablo Ricardo,550.50,2018
111.855.733-15,Caua Felipe,66.80,2018
111.348.172-10,Maria Diego,35.75,2018
111.528.834-76,Bianca Renan,0.00,2018
111.465.246-66,Isadora Rafael,530.80,2018
111.909.571-50,Jose Luiz,636.40,2018
111.626.328-27,Mauricio Alex,0.00,2018
111.003.703-01,Julia Vitor,530.90,2018
111.174.561-04,Vinicius Leticia,632.90,2018
111.524.550-72,Valentina Vinicius,19.88,2018
111.710.671-57,Helena Clara,0.00,2018
111.658.284-09,Yuri Maria,37.30,2018
111.870.707-50,Eduarda Leticia,37.18,2018
111.649.289-07,Alice Vitoria,496.10,2018
111.017.683-42,Maria Wagner,662.66,2018
111.668.953-44,Roberto Leticia,47.00,2018
111.498.942-80,Marcelo Carolina,36.97,2018
111.226.082-77,Ricardo Rafael,52.67,2018
111.466.923-92,Rafael Marcelo,16.63,2018
111.054.240-07,Sophia Clara,474.20,2018
111.749.024-04,Mauricio Alice,678.46,2018
111.634.369-38,Eduardo Bruna,640.72,2018
111.949.987-09,Raul Isadora,724.82,2018
111.165.028-22,Leticia Helena,536.20,2018
111.781.584-85,Maria Isabela,37.65,2018
111.371.064-30,Gabriel Joao,501.90,2018
111.709.969-87,Lorena Vinicius,513.50,2018
111.864.315-76,Renato Viviane,553.20,2018
111.237.052-30,Melissa Pablo,0.00,2018
111.084.506-10,Caua Eduardo,41.20,2018
111.421.733-50,Cecilia Otavio,604.66,2018
111.214.033-34,Bianca Vinicius,522.30,2018
111.105.898-46,Maria Luan,495.50,2018
111.515.392-19,Carolina Yuri,567.60,2018
111.106.036-42,Mariana Luciana,0.00,2018
111.943.616-10,Julia Maria,567.60,2018
111.990.607-90,Ricardo Amanda,38.28,2018
111.502.436-08,Eduarda Alice,510.10,2018
111.787.914-58,Ricardo Mateus,646.32,2018
111.544.786-91,Vitoria Wagner,0.00,2018
111.365.776-20,Vinicius Thales,0.00,2018
111.175.335-31,Thales Alice,50.40,2018
111.212.005-80,Diego Joao,0.00,2018
111.821.586-37,Leonardo Vitoria,484.40,2018
111.484.501-68,Daniel Fernando,498.10,2018
111.876.497-60,Nicolas Alice,46.81,2018
111.915.722-13,Leandro Otavio,0.00,2018
111.396.835-18,Diego Mariana,44.44,2018
111.514.651-70,Rafael Maria,37.94,2018
111.416.787-28,Diego Alana,46.04,2018
111.927.402-45,Nathanael Wagner,16.63,2018
111.331.327-17,Beatriz Vitor,39.13,2018
111.635.658-24,Pedro Mariana,0.00,2018
111.139.914-98,Sophia Enzo,44.74,2018
111.328.767-28,Felipe Valeria,36.11,2018
111.060.257-00,Joao Alex,54.30,2018
111.815.613-32,Paula Lais,38.63,2018
111.811.218-54,Hugo Fernando,23.50,2018
111.497.113-04,Yuri Viviane,56.67,2018
111.028.182-10,Vinicius Marcos,41.24,2018
111.847.215-35,Vinicius Luan,49.00,2018
111.130.826-89,Clara Ricardo,38.44,2018
111.024.493-08,Isadora Emilly,612.76,2018
111.265.667-54,Diego Leandro,509.30,2018
111.702.617-02,Fernanda Raul,676.68,2018
111.011.822-59,Luca Bianca,50.10,2018
111.397.385-71,Isabela Sofia,49.00,2018
111.684.125-96,Sofia Marcelo,525.10,2018
111.645.890-12,Natalia Sophia,0.00,2018
111.691.154-22,Alice Vanessa,540.00,2018
111.045.439-52,Alex Vinicius,575.20,2018
111.908.980-43,Joao Alice,541.50,2018
111.436.952-38,Diego Laura,487.60,2018
111.522.572-44,Caroline Marcelo,675.70,2018
111.852.413-85,Sophia Catarina,476.90,2018
111.526.561-18,Eloah Alex,46.63,2018
111.218.924-25,Eduardo Alice,575.50,2018
111.652.366-37,Mateus Amanda,400.60,2018
111.007.502-50,Catarina Mauricio,48.50,2018
111.995.314-49,Luana Maria,45.60,2018
111.108.817-09,Renato Bianca,575.80,2018
111.199.695-12,Bruno Clara,47.72,2018
111.858.289-04,Valeria Gabriel,645.30,2018
111.283.613-98,Paula Gabriel,29.76,2018
111.328.705-95,Pedro Leonardo,561.30,2018
111.232.430-96,Maria Viviane,539.60,2018
111.470.517-91,Otavio Otavio,0.00,2018
111.970.507-41,Leticia Eloah,614.00,2018
111.410.744-10,Lucas Cecilia,14.63,2018
111.042.189-81,Clara Joao,43.57,2018
111.042.820-89,Alex Renato,582.60,2018
111.313.069-97,Raul Joao,537.60,2018
111.464.726-58,Matheus Carolina,18.50,2018
111.940.465-62,Isadora Renan,681.46,2018
111.176.277-47,Caua Elisa,501.10,2018
111.818.568-75,Amanda Renato,52.54,2018
111.439.925-44,Eloah Natalia,47.93,2018
111.090.070-16,Eloah Mauricio,42.00,2018
111.036.831-76,Sofia Alice,506.80,2018
111.064.603-21,Nathanael Enzo,48.50,2018
111.981.293-16,Lucas Rafael,54.88,2018
111.729.918-02,Nicolas Thiago,0.00,2018
111.621.843-40,Caua Vitoria,523.50,2018
111.454.608-37,Lorena Viviane,668.96,2018
111.469.282-94,Mateus Sophia,581.20,2018
111.768.193-50,Sophie Lucas,54.64,2018
111.536.273-20,Gabriel Fernando,51.27,2018
111.982.651-98,Nathanael Valentina,41.70,2018
111.266.239-93,Marcelo Mariana,500.90,2018
111.458.486-37,Enzo Clara,545.70,2018
111.867.254-08,Yuri Helena,0.00,2018
111.316.416-09,Vanessa Valentina,655.48,2018
111.821.212-12,Luan Felipe,46.74,2018
111.838.495-82,Alice Guilherme,0.00,2018
111.817.047-21,Diego Sophia,51.92,2018
111.587.472-18,Evelyn Eduardo,655.90,2018
111.894.947-87,Arthur Eduardo,47.75,2018
111.002.791-89,Carolina Ricardo,574.20,2018
111.698.163-53,Sophie Wagner,725.66,2018
111.239.446-70,Leticia Otavio,460.70,2018
111.811.135-80,Marcelo Larissa,507.90,2018
111.696.097-25,Maria Elisa,468.30,2018
111.751.543-26,Sophia Caio,0.00,2018
111.559.977-26,Nathanael Maria,20.88,2018
111.825.478-29,Lara Viviane,507.50,2018
111.528.415-94,Carolina Camila,568.50,2018
111.721.184-69,Bruno Otavio,607.70,2018
111.255.250-07,Otavio Sophie,15.50,2018
111.173.461-59,Caio Guilherme,611.10,2018
111.160.259-79,Caua Laura,508.10,2018
111.693.487-57,Catarina Diego,522.50,2018
111.302.318-82,Fernanda Livia,42.50,2018
111.408.184-53,Lucas Roberto,58.14,2018
111.383.131-50,Daniel Vitoria,456.37,2018
111.797.227-16,Amanda Rodrigo,48.63,2018
111.758.170-68,Eduarda Matheus,48.31,2018
111.597.524-90,Viviane Thales,54.17,2018
111.618.791-20,Alex Emilly,36.67,2018
111.976.228-03,Renato Juliana,45.94,2018
111.838.839-10,Guilherme Alana,547.80,2018
111.989.817-45,Bruno Joao,51.35,2018
111.943.483-49,Vitoria Yuri,43.13,2018
111.378.906-08,Catarina Vinicius,561.00,2018
111.199.411-40,Fernanda Fernando,15.38,2018
111.572.177-02,Joao Natalia,541.80,2018
111.713.455-24,Luciana Lara,513.80,2018
111.633.472-95,Valeria Nathanael,520.90,2018
111.015.611-67,Elisa Diego,555.30,2018
111.889.180-70,Juliana Nicolas,0.00,2018
111.570.578-84,Emilly Bruna,641.54,2018
111.117.288-42,Catarina Carolina,643.00,2018
111.426.047-46,Sophie Manuela,719.62,2018
111.166.296-58,Luciana Maria,43.40,2018
111.735.382-08,Guilhermina Vanessa,507.00,2018
111.692.093-62,Ricardo Marcos,499.90,2018
111.169.038-68,Valentina Sophie,564.40,2018
111.691.991-20,Fernando Daniel,36.00,2018
111.673.301-96,Alana Vitoria,484.10,2018
111.287.515-22,Livia Caroline,44.73,2018
111.507.776-00,Emilly Fernando,496.20,2018
111.613.792-54,Mariana Sophie,658.20,2018
111.786.121-04,Evelyn Michele,622.90,2018
111.107.960-64,Valentina Fernanda,462.50,2018
111.246.783-20,Cecilia Lara,693.00,2018
111.862.819-88,Juliana Helena,507.90,2018
111.878.520-41,Maria Julia,43.14,2018
111.095.118-89,Otavio Bruna,458.50,2018
111.028.296-28,Elisa Livia,15.00,2018
111.166.762-69,Luan Eloah,0.00,2018
111.507.307-64,Matheus Camila,500.60,2018
111.440.184-21,Pablo Lorena,50.06,2018
111.639.837-16,Manuela Valentina,38.98,2018
111.371.877-56,Guilhermina Bruno,526.40,2018
111.254.054-64,Mauricio Alex,0.00,2018
111.851.476-05,Alana Felipe,499.90,2018
111.328.818-14,Carolina Maria,583.60,2018
111.869.341-28,Laura Guilherme,0.00,2018
111.641.387-29,Otavio Vitor,619.90,2018
111.255.025-34,Alice Fernanda,603.90,2018
111.706.134-64,Pedro Fernanda,43.31,2018
111.186.033-79,Leticia Fernanda,44.63,2018
111.252.639-90,Alice Sofia,0.00,2018
111.312.904-78,Wagner Camila,462.90,2018
111.058.100-60,Luciana Eduarda,589.40,2018
111.807.518-76,Viviane Wagner,26.24,2018
111.368.410-07,Viviane Catarina,55.57,2018
111.493.635-68,Natalia Livia,43.73,2018
111.778.191-09,Rafael Natalia,663.24,2018
111.630.812-04,Marcelo Luiz,36.97,2018
111.187.464-30,Matheus Thiago,38.94,2018
111.120.119-16,Thiago Thales,500.10,2018
111.658.667-80,Helena Isabela,39.88,2018
111.002.458-60,Rodrigo Larissa,54.20,2018
111.392.613-03,Marcos Eloah,535.70,2018
111.918.137-19,Vinicius Eduarda,39.75,2018
111.275.248-39,Maria Guilherme,485.00,2018
111.291.332-55,Bruno Vinicius,684.60,2018
111.079.429-54,Daniel Fernando,664.14,2018
111.796.834-00,Gabriel Thiago,605.80,2018
111.422.485-80,Leticia Hugo,540.70,2018
111.566.873-04,Juliana Pablo,1.00,2018
111.947.119-90,Eloah Isabela,16.00,2018
111.888.769-28,Caua Thales,683.22,2018
111.096.515-73,Luiz Isabela,634.00,2018
111.151.538-40,Enzo Camila,589.70,2018
111.211.422-89,Marcos Rodrigo,645.60,2018
111.750.256-79,Leonardo Sophia,48.37,2018
111.090.825-98,Miguel Clara,528.00,2018
111.902.780-05,Mauricio Gabriel,709.66,2018
111.781.843-53,Melissa Alice,34.56,2018
111.299.751-85,Luana Mauricio,728.66,2018
111.165.679-10,Enzo Enzo,709.76,2018
111.992.588-76,Larissa Raul,46.25,2018
111.488.487-07,Marcos Rodrigo,54.37,2018
111.582.873-58,Matheus Viviane,532.70,2018
111.595.084-14,Diego Nathanael,43.25,2018
111.213.681-00,Emilly Luciana,539.50,2018
111.244.758-57,Vitoria Jose,47.58,2018
111.905.805-21,Gabriel Guilhermina,529.50,2018
111.113.045-25,Melissa Caroline,0.00,2018
111.646.765-79,Ricardo Guilhermina,46.94,2018
111.443.308-60,Emilly Leandro,641.76,2018
111.564.833-20,Lucas Raul,701.32,2018
111.053.230-34,Isadora Vinicius,0.00,2018
111.028.254-68,Vitor Isadora,519.80,2018
111.127.321-73,Pedro Clara,490.60,2018
111.375.202-03,Maria Renan,45.13,2018
111.906.997-03,Fernanda Thiago,548.80,2018
111.396.952-47,Mariana Melissa,16.00,2018
111.441.361-03,Michele Michele,54.34,2018
111.061.098-48,Vitor Laura,527.90,2018
111.920.279-00,Lucas Camila,520.70,2018
111.392.341-58,Livia Larissa,578.70,2018
111.115.169-87,Viviane Sophia,487.30,2018
111.066.731-66,Vanessa Melissa,44.60,2018
111.902.515-93,Pablo Sophia,429.80,2018
111.616.457-79,Luciana Eduardo,496.70,2018
111.676.885-01,Caua Livia,592.80,2018
111.983.689-75,Sophia Nicolas,708.34,2018
111.506.350-73,Rodrigo Nicolas,506.80,2018
111.444.168-03,Juliana Caroline,627.00,2018
111.479.698-44,Leandro Eloah,57.10,2018
111.977.892-26,Rafael Gabriel,47.71,2018
111.123.536-30,Matheus Renato,491.50,2018
111.516.918-32,Natalia Wagner,37.63,2018
111.368.746-00,Marcelo Carolina,36.97,2018
111.359.948-05,Natalia Jose,35.63,2018
111.909.986-73,Valeria Felipe,522.30,2018
111.177.392-00,Lara Sophie,48.01,2018
111.203.230-41,Lucas Nicolas,38.65,2018
111.553.453-17,Enzo Marcelo,715.66,2018
111.801.854-16,Lorena Marcelo,50.56,2018
111.207.052-25,Fernanda Vinicius,663.68,2018
111.556.334-69,Fernanda Arthur,679.12,2018
111.384.934-52,Elisa Alice,39.00,2018
111.828.159-76,Catarina Carolina,53.19,2018
111.087.588-04,Gabriel Eloah,0.00,2018
111.367.881-40,Amanda Gustavo,682.26,2018
111.716.249-78,Thales Cecilia,49.17,2018
111.798.566-62,Caio Lorena,0.00,2018
111.133.822-34,Nicolas Lara,0.00,2018
111.075.500-81,Fernando Felipe,530.90,2018
111.475.831-70,Wagner Lucas,42.21,2018
111.323.926-86,Fernando Daniel,502.70,2018
111.508.758-17,Roberto Daniel,0.00,2018
111.594.587-52,Michele Carolina,609.40,2018
111.811.454-91,Fernanda Pedro,44.30,2018
111.913.443-91,Clara Bruno,41.54,2018
111.996.307-50,Manuela Alice,538.70,2018
111.899.613-43,Vitoria Catarina,556.50,2018
111.424.518-55,Rodrigo Matheus,40.69,2018
111.524.006-86,Marcos Evelyn,515.70,2018
111.855.601-89,Caroline Hugo,568.20,2018
111.786.169-00,Lucas Eduardo,576.90,2018
111.811.453-84,Caio Arthur,31.00,2018
111.018.262-82,Cecilia Fernando,45.74,2018
111.956.434-60,Thiago Alana,16.00,2018
111.429.208-17,Lucas Mateus,498.80,2018
111.229.266-53,Fernando Raul,414.50,2018
111.794.415-52,Bruna Nathanael,539.50,2018
111.276.734-79,Camila Guilherme,538.70,2018
111.231.748-07,Eduarda Leonardo,452.10,2018
111.403.426-74,Vitoria Alana,604.90,2018
111.499.767-14,Leonardo Isabela,0.00,2018
111.483.933-94,Gustavo Leandro,0.00,2018
111.789.197-52,Jose Vanessa,649.38,2018
111.415.709-57,Bruna Viviane,522.00,2018
111.160.523-79,Isabela Fernanda,0.00,2018
111.930.251-90,Luiz Rafael,550.80,2018
111.178.246-06,Emilly Manuela,593.70,2018
111.528.337-82,Larissa Nathanael,0.00,2018
111.711.897-43,Rafael Manuela,42.90,2018
111.288.836-19,Pedro Amanda,515.20,2018
111.672.880-51,Renato Thiago,40.98,2018
111.201.814-13,Melissa Amanda,559.60,2018
111.104.298-30,Isabela Maria,52.69,2018
111.776.393-40,Sofia Vinicius,508.30,2018
111.107.193-01,Rodrigo Clara,665.98,2018
111.654.834-20,Laura Cecilia,660.76,2018
111.640.673-48,Gustavo Alice,571.00,2018
111.930.507-80,Ricardo Alex,497.80,2018
111.295.454-88,Rafael Lara,540.40,2018
111.687.194-68,Maria Leticia,487.60,2018
111.618.654-42,Livia Leonardo,627.20,2018
111.255.930-15,Mateus Felipe,593.40,2018
111.504.774-26,Sofia Melissa,43.00,2018
111.996.445-23,Valentina Luca,51.57,2018
111.960.062-82,Yuri Sophie,639.94,2018
111.726.964-81,Caua Isabela,36.69,2018
111.154.415-63,Catarina Wagner,40.57,2018
111.203.559-17,Manuela Paula,45.31,2018
111.472.781-26,Vitoria Guilherme,19.50,2018
111.153.026-05,Hugo Sofia,526.80,2018
111.304.048-36,Isabela Bruno,15.50,2018
111.271.523-06,Lorena Alice,553.00,2018
111.380.118-63,Eduarda Larissa,618.80,2018
111.751.903-73,Raul Vitoria,506.00,2018
111.910.545-88,Eduarda Catarina,61.90,2018
111.935.535-48,Vitor Viviane,660.72,2018
111.269.835-07,Luca Raul,502.40,2018
111.024.437-48,Clara Clara,520.50,2018
111.512.223-90,Leticia Leticia,669.92,2018
111.178.850-00,Caua Rafael,61.25,2018
111.938.320-47,Luca Joao,395.90,2018
111.997.080-70,Thiago Caio,617.86,2018
111.185.473-80,Melissa Roberto,55.70,2018
111.582.746-02,Fernando Cecilia,670.72,2018
111.494.795-03,Leandro Elisa,0.00,2018
111.324.559-70,Arthur Wagner,665.50,2018
111.661.556-07,Valentina Yuri,50.84,2018
111.666.600-36,Amanda Vinicius,586.40,2018
111.460.755-61,Nicolas Vinicius,54.80,2018
111.148.032-99,Diego Maria,0.00,2018
111.672.610-34,Jose Cecilia,52.27,2018
111.062.528-76,Isadora Vinicius,57.27,2018
111.317.514-37,Wagner Isabela,673.56,2018
111.370.666-69,Carolina Matheus,61.27,2018
111.476.019-75,Otavio Catarina,0.00,2018
111.455.939-08,Laura Luciana,0.00,2018
111.692.913-47,Gabriel Guilhermina,529.50,2018
111.997.361-51,Melissa Caroline,0.00,2018
111.916.078-92,Camila Lucas,46.64,2018
111.822.725-79,Eduarda Vinicius,633.10,2018
111.383.062-60,Eduardo Roberto,15.00,2018
111.628.656-73,Mariana Thales,0.00,2018
111.496.985-34,Sophia Roberto,46.00,2018
111.977.129-00,Guilherme Daniel,57.00,2018
111.544.925-25,Bruna Miguel,0.00,2018
111.517.755-94,Juliana Wagner,32.90,2018
111.002.210-52,Elisa Fernanda,41.40,2018
111.700.029-79,Melissa Melissa,497.90,2018
111.634.597-00,Renato Felipe,0.00,2018
111.444.604-59,Alice Fernanda,529.20,2018
111.434.470-55,Melissa Sophia,578.20,2018
111.088.069-75,Beatriz Raul,581.70,2018
111.525.872-23,Luiz Isadora,41.42,2018
111.503.373-50,Nathanael Rodrigo,692.68,2018
111.996.137-55,Julia Jose,0.00,2018
111.301.261-65,Fernando Camila,424.70,2018
111.989.849-29,Fernando Thales,41.75,2018
111.098.734-43,Alex Luana,38.94,2018
111.493.654-75,Rafael Laura,498.60,2018
111.345.120-44,Nicolas Alana,403.30,2018
111.295.799-38,Guilhermina Thales,541.30,2018
111.978.429-01,Michele Bianca,505.30,2018
111.631.743-55,Gabriel Valentina,445.70,2018
111.172.202-70,Wagner Diego,37.30,2018
111.703.227-74,Helena Leticia,559.60,2018
111.637.481-13,Larissa Nicolas,45.18,2018
111.899.759-24,Leticia Thales,37.17,2018
111.896.723-23,Valentina Pablo,659.94,2018
111.975.918-05,Nathanael Bianca,0.00,2018
111.379.883-00,Joao Leticia,578.10,2018
111.534.793-71,Mateus Eduarda,497.50,2018
111.362.334-30,Raul Valentina,544.50,2018
111.630.462-93,Vanessa Lorena,527.70,2018
111.199.726-98,Alana Renato,521.40,2018
111.084.059-75,Pedro Catarina,47.33,2018
111.861.017-17,Luca Miguel,538.60,2018
111.423.424-84,Maria Renan,575.20,2018
111.485.533-48,Thiago Gustavo,59.90,2018
111.041.322-77,Beatriz Sofia,544.50,2018
111.097.687-29,Joao Leticia,568.00,2018
111.717.411-10,Enzo Livia,543.60,2018
111.864.648-18,Thales Camila,507.00,2018
111.107.020-67,Paula Renato,549.40,2018
111.215.607-60,Roberto Alex,39.90,2018
111.997.872-08,Marcelo Caua,601.30,2018
111.754.268-87,Melissa Roberto,649.30,2018
111.796.869-60,Bruna Isabela,632.90,2018
111.662.801-01,Maria Viviane,543.60,2018
111.103.187-19,Julia Thiago,526.30,2018
111.466.476-74,Felipe Cecilia,484.30,2018
111.574.474-73,Rafael Luan,658.04,2018
111.891.024-08,Eloah Alana,43.27,2018
111.260.282-02,Melissa Valeria,534.30,2018
111.530.108-03,Otavio Roberto,497.90,2018
111.557.145-83,Leonardo Mauricio,530.30,2018
111.521.275-10,Mateus Vanessa,0.00,2018
111.175.391-02,Elisa Juliana,38.53,2018
111.639.115-92,Maria Evelyn,22.00,2018
111.788.795-24,Natalia Gustavo,50.34,2018
111.638.651-20,Larissa Luan,488.40,2018
111.528.545-30,Sofia Vinicius,15.00,2018
111.850.328-07,Luiz Isabela,35.40,2018
111.847.588-02,Pablo Gabriel,39.17,2018
111.482.028-00,Pedro Maria,51.57,2018
111.641.939-94,Wagner Ricardo,504.30,2018
111.890.672-25,Catarina Hugo,571.10,2018
111.117.498-15,Rafael Helena,0.00,2018
111.279.907-40,Lucas Juliana,41.99,2018
111.388.760-90,Bruna Luiz,525.20,2018
111.333.399-45,Natalia Luiz,492.70,2018
111.905.500-00,Larissa Vitoria,499.40,2018
111.148.267-88,Emilly Caio,518.20,2018
111.541.607-00,Matheus Amanda,526.40,2018
111.620.887-83,Guilhermina Isabela,523.00,2018
111.993.805-17,Renato Elisa,535.70,2018
111.921.544-59,Wagner Felipe,565.00,2018
111.181.101-98,Manuela Vinicius,0.00,2018
111.866.014-69,Pablo Catarina,18.25,2018
111.615.642-19,Alice Leonardo,535.70,2018
111.078.395-18,Bruno Thales,624.04,2018
111.998.298-01,Eduarda Guilhermina,16.00,2018
111.410.738-03,Livia Lara,55.54,2018
111.941.134-57,Luan Beatriz,43.94,2018
111.118.694-50,Otavio Marcelo,488.10,2018
111.010.558-67,Manuela Valeria,587.80,2018
111.437.484-20,Alex Camila,644.10,2018
111.819.545-69,Leticia Alice,504.50,2018
111.318.067-32,Leticia Alex,0.00,2018
111.577.867-50,Leticia Valeria,53.80,2018
111.108.894-11,Fernanda Viviane,52.88,2018
111.108.195-83,Leticia Enzo,628.54,2018
111.215.975-34,Eduardo Joao,546.40,2018
111.649.900-21,Eloah Lucas,0.00,2018
111.617.182-00,Luciana Arthur,46.31,2018
111.376.717-77,Isabela Mateus,589.10,2018
111.974.293-60,Michele Thiago,118.00,2018
111.463.890-86,Isadora Vanessa,47.02,2018
111.788.094-55,Ricardo Maria,383.70,2018
111.114.067-30,Bruna Leonardo,514.60,2018
111.596.826-88,Viviane Lara,553.60,2018
111.501.976-18,Raul Helena,36.32,2018
111.408.331-92,Marcelo Mauricio,492.10,2018
111.572.837-62,Beatriz Lais,50.40,2018
111.322.523-14,Lara Emilly,0.00,2018
111.304.898-63,Manuela Paula,586.00,2018
111.770.317-23,Caua Alex,527.90,2018
111.304.896-09,Sophie Larissa,42.94,2018
111.801.675-25,Felipe Melissa,0.00,2018
111.723.787-08,Juliana Marcos,590.80,2018
111.998.377-09,Pedro Lais,512.80,2018
111.699.463-07,Elisa Renan,620.50,2018
111.746.531-03,Rodrigo Guilherme,562.90,2018
111.947.216-33,Catarina Joao,537.50,2018
111.144.095-99,Sophia Thales,539.20,2018
111.257.924-05,Daniel Leonardo,528.40,2018
111.203.056-02,Mauricio Thiago,38.38,2018
111.636.016-56,Leonardo Vinicius,0.00,2018
111.445.629-66,Paula Laura,446.30,2018
111.565.277-57,Luiz Ricardo,36.84,2018
111.021.024-75,Isadora Pablo,49.50,2018
111.627.278-92,Juliana Nathanael,575.50,2018
111.760.703-15,Guilhermina Nicolas,723.50,2018
111.700.540-63,Julia Otavio,0.00,2018
111.540.933-37,Larissa Gabriel,38.20,2018
111.544.255-04,Amanda Rafael,638.68,2018
111.886.224-44,Lara Vanessa,494.50,2018
111.076.532-09,Amanda Alice,45.81,2018
111.700.927-20,Fernando Catarina,462.90,2018
111.377.670-61,Enzo Felipe,672.94,2018
111.206.518-20,Eduardo Laura,53.84,2018
111.075.712-97,Livia Gabriel,695.86,2018
111.030.707-03,Alice Nicolas,41.10,2018
111.075.378-94,Carolina Alex,389.40,2018
111.213.666-86,Fernando Sofia,38.79,2018
111.232.410-98,Thales Clara,55.19,2018
111.666.750-16,Rodrigo Pablo,566.00,2018
111.622.429-54,Vitor Fernando,452.90,2018
111.701.804-29,Vitoria Guilhermina,642.88,2018
111.417.759-91,Vitoria Mauricio,520.00,2018
111.847.980-47,Sophie Vinicius,0.00,2018
111.533.751-81,Thales Emilly,0.00,2018
111.075.341-92,Emilly Thales,495.50,2018
111.326.089-61,Arthur Renan,531.00,2018
111.314.382-51,Otavio Diego,0.00,2018
111.726.216-48,Gustavo Guilherme,535.80,2018
111.049.107-90,Vinicius Mauricio,497.50,2018
111.522.877-05,Leticia Hugo,52.38,2018
111.798.573-72,Eloah Diego,492.10,2018
111.599.178-06,Pablo Otavio,645.68,2018
111.094.428-08,Vanessa Maria,42.42,2018
111.162.333-79,Hugo Enzo,427.20,2018
111.000.573-11,Lorena Sofia,64.17,2018
111.325.199-76,Luan Cecilia,565.60,2018
111.640.362-31,Roberto Beatriz,15.38,2018
111.626.467-17,Evelyn Fernando,43.24,2018
111.012.443-44,Lais Rodrigo,469.50,2018
111.060.585-15,Pedro Rafael,0.00,2018
111.712.483-49,Vinicius Carolina,618.40,2018
111.627.419-01,Fernanda Caio,49.43,2018
111.131.067-00,Julia Julia,40.25,2018
111.350.863-99,Vinicius Bruna,707.30,2018
111.269.680-35,Maria Felipe,38.38,2018
111.206.183-73,Elisa Alex,551.90,2018
111.343.296-29,Lucas Mauricio,558.70,2018
111.085.904-06,Felipe Felipe,490.00,2018
111.412.016-03,Maria Mariana,531.60,2018
111.370.479-51,Alana Renato,0.00,2018
111.674.247-51,Lucas Fernanda,540.10,2018
111.695.635-07,Vanessa Sophia,0.00,2018
111.609.477-09,Sophia Bruna,59.67,2018
111.615.849-58,Livia Cecilia,490.10,2018
111.329.846-85,Beatriz Catarina,569.10,2018
111.976.968-69,Eloah Thiago,529.50,2018
111.723.408-98,Rodrigo Viviane,0.00,2018
111.887.889-94,Marcelo Lorena,46.07,2018
111.363.125-05,Leticia Bruna,0.00,2018
111.650.240-09,Nathanael Sophie,543.90,2018
111.646.469-07,Arthur Renato,0.00,2018
111.495.837-21,Catarina Diego,486.50,2018
111.469.126-88,Emilly Luciana,0.00,2018
111.205.703-37,Gabriel Matheus,552.60,2018
111.436.901-70,Leticia Amanda,457.90,2018
111.124.483-57,Eloah Lara,494.30,2018
111.148.410-94,Guilherme Leonardo,46.40,2018
111.145.143-83,Catarina Luan,48.44,2018
111.365.869-10,Natalia Guilherme,523.80,2018
111.110.296-25,Vitoria Sofia,15.13,2018
111.368.008-02,Vinicius Raul,511.60,2018
111.154.782-00,Eduardo Lara,468.60,2018
111.914.044-68,Vinicius Fernanda,62.00,2018
111.447.523-94,Clara Sophia,625.80,2018
111.597.980-78,Pedro Beatriz,452.10,2018
111.328.240-50,Gabriel Eloah,605.30,2018
111.894.566-10,Luan Vinicius,41.20,2018
111.941.309-78,Carolina Luiz,499.90,2018
111.230.452-36,Alana Eduardo,498.40,2018
111.767.458-64,Alana Emilly,419.80,2018
111.268.343-87,Emilly Eduarda,46.63,2018
111.073.864-82,Felipe Lorena,559.00,2018
111.162.432-70,Bruno Amanda,502.40,2018
111.691.713-00,Renato Valeria,551.20,2018
111.026.894-81,Catarina Paula,518.10,2018
111.377.844-52,Lucas Clara,467.60,2018
111.420.828-00,Gabriel Guilhermina,19.00,2018
111.840.979-34,Pedro Valentina,513.30,2018
111.630.793-60,Evelyn Beatriz,498.10,2018
111.499.587-70,Alice Carolina,49.89,2018
111.201.987-24,Clara Luciana,495.10,2018
111.692.869-23,Joao Rodrigo,711.40,2018
111.923.926-60,Melissa Juliana,34.99,2018
111.697.527-20,Nathanael Fernanda,709.82,2018
111.946.059-25,Mauricio Jose,424.60,2018
111.653.033-96,Manuela Michele,544.50,2018
111.634.781-06,Alice Paula,579.60,2018
111.358.050-90,Bruna Luiz,0.00,2018
111.608.139-66,Emilly Mauricio,477.70,2018
111.042.154-07,Larissa Diego,461.40,2018
111.187.903-96,Amanda Emilly,555.50,2018
111.061.464-88,Juliana Livia,659.14,2018
111.134.108-96,Eduardo Fernanda,527.10,2018
111.043.351-28,Fernanda Sophie,645.62,2018
111.411.966-03,Hugo Eduarda,639.44,2018
111.129.602-40,Caroline Viviane,634.36,2018
111.463.951-37,Fernanda Thales,676.30,2018
111.347.851-02,Wagner Alex,40.00,2018
111.796.789-99,Lucas Maria,51.00,2018
111.899.270-04,Lucas Vinicius,55.44,2018
111.771.915-47,Luana Fernando,53.97,2018
111.991.623-05,Ricardo Beatriz,566.30,2018
111.732.532-21,Miguel Caroline,724.98,2018
111.959.546-48,Sophia Guilherme,613.10,2018
111.673.082-27,Caua Arthur,533.40,2018
111.839.584-55,Sophie Gustavo,478.10,2018
111.748.416-32,Leandro Bruna,667.26,2018
111.453.716-06,Joao Cecilia,42.59,2018
111.417.254-62,Mauricio Rodrigo,41.00,2018
111.827.706-01,Vitoria Leandro,640.80,2018
111.483.787-75,Rafael Caio,549.30,2018
111.153.670-52,Luiz Renato,39.93,2018
111.724.941-23,Lorena Roberto,507.30,2018
111.746.997-80,Joao Ricardo,484.60,2018
111.307.826-57,Alex Roberto,518.70,2018
111.675.096-93,Manuela Caio,672.50,2018
111.714.279-75,Valeria Natalia,516.00,2018
111.115.935-02,Nathanael Matheus,500.20,2018
111.032.158-31,Valentina Pedro,535.00,2018
111.888.427-34,Leticia Cecilia,560.20,2018
111.173.705-97,Nicolas Laura,0.00,2018
111.429.729-11,Alice Laura,542.20,2018
111.791.738-29,Elisa Joao,519.30,2018
111.391.687-30,Elisa Enzo,40.38,2018
111.893.671-04,Mariana Mauricio,0.00,2018
111.647.493-09,Alice Renato,56.68,2018
111.465.802-99,Yuri Isadora,56.28,2018
111.025.202-12,Guilhermina Cecilia,573.80,2018
111.716.249-41,Sophia Sophie,34.69,2018
111.768.585-58,Ricardo Emilly,65.13,2018
111.960.567-20,Michele Matheus,44.40,2018
111.127.402-53,Diego Leticia,495.80,2018
111.993.631-78,Juliana Gustavo,19.00,2018
111.153.835-30,Amanda Eloah,53.50,2018
111.641.920-92,Elisa Michele,508.80,2018
111.892.163-16,Evelyn Elisa,579.20,2018
111.381.912-60,Sophia Emilly,563.90,2018
111.386.179-60,Emilly Daniel,15.50,2018
111.730.197-80,Julia Luiz,572.80,2018
111.225.442-03,Gabriel Luiz,0.00,2018
111.078.722-80,Luana Eduarda,598.80,2018
111.505.013-58,Alice Mariana,0.00,2018
111.100.816-96,Mauricio Guilherme,2.00,2018
111.897.906-40,Nathanael Isabela,0.00,2018
111.948.839-85,Vinicius Otavio,568.80,2018
111.460.935-68,Vinicius Alana,569.00,2018
111.875.530-25,Sophia Wagner,570.00,2018
111.389.787-00,Rodrigo Vinicius,469.80,2018
111.539.794-56,Amanda Eloah,493.00,2018
111.550.895-59,Felipe Isadora,505.80,2018
111.584.180-40,Joao Enzo,41.30,2018
111.521.854-88,Arthur Luiz,490.30,2018
111.007.730-04,Vitoria Daniel,41.47,2018
111.229.540-24,Roberto Roberto,41.07,2018
111.035.261-07,Clara Caroline,502.00,2018
111.457.466-40,Viviane Julia,523.20,2018
111.244.360-93,Maria Bruno,533.60,2018
111.867.811-06,Lorena Alice,649.98,2018
111.365.420-08,Carolina Ricardo,522.80,2018
111.577.733-19,Elisa Leticia,63.60,2018
111.714.218-60,Larissa Michele,58.77,2018
111.887.095-30,Pablo Natalia,673.60,2018
111.920.886-30,Leonardo Pablo,533.60,2018
111.781.190-15,Julia Eduarda,656.78,2018
111.427.675-09,Nathanael Diego,42.04,2018
111.247.308-01,Beatriz Jose,519.00,2018
111.240.636-98,Caio Cecilia,48.25,2018
111.119.068-27,Caua Bruna,40.37,2018
111.324.097-40,Nicolas Raul,553.00,2018
111.740.096-88,Valeria Lais,646.58,2018
111.976.612-73,Luiz Catarina,41.50,2018
111.848.181-05,Rodrigo Renan,610.10,2018
111.763.380-03,Luca Luiz,564.80,2018
111.003.239-09,Alana Eduardo,40.31,2018
111.140.947-22,Larissa Luana,48.25,2018
111.437.259-67,Guilhermina Luca,17.88,2018
111.354.176-53,Luca Jose,47.94,2018
111.177.812-27,Leticia Livia,40.70,2018
111.309.898-75,Laura Beatriz,529.50,2018
111.296.456-86,Rafael Catarina,656.60,2018
111.802.989-90,Miguel Rodrigo,702.92,2018
111.925.351-04,Luca Caio,591.30,2018
111.175.868-58,Carolina Bianca,41.73,2018
111.951.302-30,Valentina Luca,0.00,2018
111.719.589-10,Alice Daniel,1.00,2018
111.675.062-52,Raul Isadora,648.14,2018
111.467.359-67,Otavio Leticia,0.00,2018
111.908.272-41,Juliana Vitor,42.86,2018
111.402.796-49,Laura Thales,0.00,2018
111.621.623-58,Valentina Melissa,35.00,2018
111.555.479-45,Eduardo Gabriel,577.90,2018
111.672.942-75,Pedro Vinicius,452.90,2018
111.055.558-89,Manuela Sophia,498.90,2018
111.796.059-17,Bruna Laura,45.38,2018
111.935.741-43,Livia Bianca,543.40,2018
111.221.501-47,Guilhermina Helena,557.60,2018
111.253.752-28,Enzo Maria,53.00,2018
111.097.712-10,Helena Wagner,40.90,2018
111.592.343-61,Bianca Gustavo,513.40,2018
111.518.244-95,Caua Melissa,0.00,2018
111.241.512-99,Livia Valeria,53.60,2018
111.144.992-07,Helena Fernanda,430.10,2018
111.186.967-06,Vitoria Luca,529.70,2018
111.330.988-15,Sofia Felipe,517.10,2018
111.830.965-84,Jose Pablo,623.90,2018
111.698.948-32,Manuela Vinicius,17.25,2018
111.993.725-74,Leandro Cecilia,37.89,2018
111.234.356-50,Cecilia Hugo,607.70,2018
111.806.326-20,Leticia Arthur,503.10,2018
111.345.229-06,Lais Eduardo,53.17,2018
111.365.971-98,Marcos Gabriel,540.50,2018
111.063.306-47,Rodrigo Vinicius,483.10,2018
111.397.970-77,Caua Pedro,520.30,2018
111.702.976-00,Sophia Thiago,585.60,2018
111.196.179-53,Rafael Alana,631.68,2018
111.798.072-04,Otavio Caua,640.60,2018
111.104.275-85,Alana Thales,541.50,2018
111.937.216-89,Melissa Joao,0.00,2018
111.548.991-14,Marcos Camila,0.00,2018
111.623.023-79,Marcelo Pedro,533.20,2018
111.528.236-46,Otavio Renan,441.00,2018
111.588.760-03,Alex Renan,49.20,2018
111.244.925-94,Michele Alana,549.30,2018
111.800.135-40,Caua Vitoria,39.26,2018
111.523.429-07,Caroline Ricardo,46.45,2018
111.866.554-52,Enzo Cecilia,544.40,2018
111.173.505-79,Mateus Mateus,33.13,2018
111.133.487-75,Diego Leonardo,504.10,2018
111.619.731-71,Mauricio Valeria,43.85,2018
111.076.634-28,Lorena Luca,0.00,2018
111.865.002-34,Bianca Valentina,622.20,2018
111.610.919-66,Alice Diego,551.50,2018
111.123.007-49,Hugo Amanda,46.94,2018
111.630.469-57,Rafael Fernanda,506.80,2018
111.406.838-68,Bianca Sophie,503.50,2018
111.593.227-10,Hugo Natalia,36.65,2018
111.766.766-22,Arthur Vitoria,52.25,2018
111.562.444-68,Isadora Leandro,2.00,2018
111.037.826-25,Alex Caua,518.90,2018
111.399.532-68,Diego Nicolas,479.00,2018
111.550.799-00,Luca Caio,41.20,2018
111.434.547-95,Helena Manuela,613.80,2018
111.522.543-06,Carolina Yuri,567.60,2018
111.720.281-19,Mariana Luciana,0.00,2018
111.290.890-24,Julia Maria,567.60,2018
111.298.570-54,Ricardo Amanda,38.28,2018
111.889.768-29,Eduarda Alice,510.10,2018
111.954.582-89,Ricardo Mateus,646.32,2018
111.233.426-00,Vitoria Wagner,0.00,2018
111.290.484-18,Vinicius Thales,0.00,2018
111.148.200-48,Thales Alice,50.40,2018
111.529.378-07,Diego Joao,0.00,2018
111.828.571-62,Leonardo Vitoria,484.40,2018
111.307.237-96,Daniel Fernando,498.10,2018
111.211.176-99,Nicolas Alice,46.81,2018
111.326.807-87,Caio Mateus,45.00,2018
111.374.906-00,Maria Arthur,658.60,2018
111.375.181-77,Marcelo Enzo,37.50,2018
111.189.773-00,Gabriel Alana,662.72,2018
111.221.644-00,Eloah Miguel,576.10,2018
111.265.334-03,Raul Pedro,637.00,2018
111.505.226-10,Luiz Diego,560.60,2018
111.275.800-07,Clara Clara,593.90,2018
111.283.821-45,Ricardo Vitoria,700.42,2018
111.998.533-01,Guilherme Eduardo,49.94,2018
111.384.196-33,Rodrigo Leonardo,662.88,2018
111.049.466-99,Viviane Otavio,498.40,2018
111.763.020-49,Sofia Daniel,38.88,2018
111.573.435-70,Joao Guilherme,44.81,2018
111.413.712-10,Luana Hugo,541.10,2018
111.539.300-75,Bruna Vinicius,504.10,2018
111.999.130-04,Pablo Mauricio,542.90,2018
111.944.824-43,Eduarda Beatriz,705.00,2018
111.969.317-91,Joao Eloah,0.00,2018
111.239.338-68,Rafael Nathanael,481.60,2018
111.941.300-41,Guilhermina Isadora,499.30,2018
111.904.322-87,Renato Clara,512.30,2018
111.538.021-91,Helena Diego,536.90,2018
111.754.492-80,Gustavo Thiago,544.90,2018
111.819.603-89,Laura Marcos,576.90,2018
111.384.860-07,Alice Clara,546.30,2018
111.940.682-12,Natalia Isabela,663.40,2018
111.054.594-99,Luiz Yuri,488.00,2018
111.629.324-35,Vinicius Vanessa,542.50,2018
111.030.540-59,Bianca Valentina,522.40,2018
111.466.737-08,Sophia Sophia,53.44,2018
111.266.062-31,Melissa Miguel,641.14,2018
111.612.629-20,Caua Fernanda,38.40,2018
111.240.157-44,Felipe Cecilia,484.30,2018
111.884.942-74,Rafael Luan,658.04,2018
111.516.179-55,Eloah Alana,43.27,2018
111.750.089-71,Melissa Valeria,534.30,2018
111.983.863-40,Otavio Roberto,497.90,2018
111.194.993-44,Leonardo Mauricio,530.30,2018
111.352.481-72,Mateus Vanessa,0.00,2018
111.165.555-14,Elisa Juliana,38.53,2018
111.931.540-57,Maria Evelyn,22.00,2018
111.753.258-88,Natalia Gustavo,50.34,2018
111.258.626-37,Larissa Luan,488.40,2018
111.268.311-00,Sofia Vinicius,15.00,2018
111.243.295-70,Luiz Isabela,35.40,2018
111.368.406-69,Pablo Gabriel,39.17,2018
111.241.695-90,Pedro Maria,51.57,2018
111.891.096-07,Wagner Ricardo,504.30,2018
111.688.527-98,Catarina Hugo,571.10,2018
111.893.570-09,Rafael Helena,0.00,2018
111.549.578-60,Valeria Larissa,34.81,2018
111.699.220-21,Leticia Natalia,44.69,2018
111.219.281-33,Alana Juliana,59.19,2018
111.616.348-44,Lorena Valeria,639.92,2018
111.100.247-35,Diego Leonardo,589.60,2018
111.432.131-96,Rafael Isabela,41.22,2018
111.255.601-10,Viviane Daniel,453.60,2018
111.299.421-43,Matheus Otavio,601.80,2018
111.059.701-26,Luana Helena,38.34,2018
111.600.057-47,Joao Thales,54.20,2018
111.062.919-53,Otavio Miguel,512.50,2018
111.825.900-56,Diego Renato,566.40,2018
111.696.975-75,Vinicius Gabriel,43.59,2018
111.697.161-12,Thiago Mauricio,710.16,2018
111.430.760-80,Leonardo Guilherme,45.50,2018
111.665.162-68,Leticia Pablo,638.16,2018
111.934.843-93,Evelyn Sofia,491.00,2018
111.269.152-88,Evelyn Laura,16.50,2018
111.702.134-58,Beatriz Marcos,533.30,2018
111.921.814-96,Joao Vinicius,0.00,2018
111.859.076-99,Maria Alex,55.50,2018
111.285.130-30,Jose Viviane,572.80,2018
111.596.273-08,Arthur Manuela,517.20,2018
111.940.750-13,Roberto Arthur,521.60,2018
111.828.867-65,Livia Diego,502.20,2018
111.676.973-30,Bruno Jose,495.30,2018
111.795.705-57,Livia Daniel,15.50,2018
111.722.761-77,Caua Valentina,37.44,2018
111.401.690-11,Marcos Melissa,502.60,2018
111.850.860-57,Jose Diego,546.40,2018
111.616.741-36,Guilhermina Valentina,520.40,2018
111.169.615-67,Luciana Paula,0.00,2018
111.781.968-59,Wagner Camila,658.80,2018
111.307.934-66,Mauricio Natalia,60.80,2018
111.880.462-36,Leticia Bianca,47.37,2018
111.723.849-05,Leandro Roberto,495.10,2018
111.677.055-94,Lais Joao,647.74,2018
111.394.833-20,Vitor Lorena,651.32,2018
111.721.624-23,Luca Guilherme,49.70,2018
111.989.018-07,Laura Sofia,0.00,2018
111.788.246-04,Otavio Juliana,528.50,2018
111.190.959-08,Camila Maria,475.50,2018
111.486.052-00,Gustavo Bianca,608.00,2018
111.142.013-18,Marcos Alice,495.60,2018
111.950.553-23,Leticia Alice,0.00,2018
111.120.459-73,Leonardo Vinicius,489.80,2018
111.685.775-95,Wagner Evelyn,535.60,2018
111.451.653-40,Nathanael Bruna,715.62,2018
111.935.301-89,Pedro Nicolas,36.97,2018
111.492.624-24,Joao Guilhermina,47.37,2018
111.906.376-15,Thiago Leonardo,38.75,2018
111.577.996-90,Lara Bianca,45.06,2018
111.297.659-36,Daniel Emilly,537.30,2018
111.145.071-54,Jose Luciana,40.90,2018
111.327.927-77,Lara Thales,49.34,2018
111.360.996-59,Maria Lucas,553.50,2018
111.619.177-80,Luan Felipe,18.25,2018
111.008.990-80,Vinicius Thales,0.00,2018
111.627.220-92,Yuri Valentina,56.84,2018
111.333.652-00,Evelyn Luiz,18.00,2018
111.640.054-05,Sophia Vinicius,48.34,2018
111.309.819-07,Nathanael Luiz,47.03,2018
111.128.550-43,Daniel Luan,0.00,2018
111.409.156-52,Lara Otavio,16.50,2018
111.909.273-57,Emilly Bianca,527.00,2018
111.391.097-70,Natalia Valeria,0.00,2018
111.100.231-08,Leonardo Gabriel,54.84,2018
111.987.665-16,Julia Guilherme,656.82,2018
111.897.026-44,Isadora Michele,455.03,2018
111.999.407-92,Leticia Emilly,658.04,2018
111.645.918-97,Yuri Laura,37.14,2018
111.443.891-00,Eduardo Renan,43.17,2018
111.109.227-75,Joao Gabriel,515.80,2018
111.791.042-63,Ricardo Lais,522.00,2018
111.520.722-30,Thales Renan,576.50,2018
111.388.102-10,Enzo Eloah,664.50,2018
111.244.727-08,Lais Beatriz,500.40,2018
111.079.712-13,Maria Caio,514.90,2018
111.173.765-60,Enzo Maria,450.20,2018
111.538.457-27,Renan Gabriel,621.80,2018
111.308.700-51,Vitoria Leticia,530.30,2018
111.928.028-62,Maria Yuri,53.38,2018
111.017.980-78,Paula Nicolas,659.92,2018
111.219.864-34,Leticia Leticia,540.00,2018
111.462.753-17,Larissa Sophia,561.20,2018
111.665.377-28,Emilly Ricardo,498.60,2018
111.723.662-88,Mateus Larissa,615.20,2018
111.020.789-46,Rodrigo Natalia,0.00,2018
111.781.515-61,Luan Caua,36.89,2018
111.406.773-58,Evelyn Valentina,47.42,2018
111.821.956-25,Enzo Maria,544.80,2018
111.785.477-38,Laura Laura,563.90,2018
111.363.704-08,Lucas Yuri,476.60,2018
111.757.609-26,Eduarda Juliana,595.70,2018
111.792.131-00,Wagner Juliana,580.90,2018
111.433.749-22,Leticia Felipe,435.37,2018
111.562.957-74,Manuela Bianca,586.00,2018
111.947.015-02,Michele Thales,53.50,2018
111.668.020-02,Fernanda Luana,626.74,2018
111.630.326-07,Sophia Miguel,0.00,2018
111.436.884-97,Juliana Caio,668.28,2018
111.885.535-47,Lucas Felipe,550.90,2018
111.284.604-01,Vitor Diego,487.80,2018
111.485.816-50,Clara Vitor,530.00,2018
111.207.645-36,Lucas Marcelo,0.00,2018
111.594.020-97,Guilherme Alice,496.00,2018
111.367.036-59,Joao Rafael,43.67,2018
111.697.120-57,Leticia Eduarda,463.60,2018
111.270.951-70,Sofia Eduarda,17.00,2018
111.852.239-46,Matheus Emilly,507.70,2018
111.714.979-89,Alex Valentina,522.10,2018
111.079.826-59,Cecilia Luana,562.50,2018
111.777.681-63,Yuri Luciana,706.38,2018
111.438.142-10,Roberto Luiz,0.00,2018
111.018.244-11,Caio Catarina,464.30,2018
111.788.850-04,Emilly Sophie,46.56,2018
111.252.939-35,Caua Diego,543.50,2018
111.431.449-15,Matheus Camila,41.00,2018
111.097.993-43,Maria Bruno,505.40,2018
111.173.139-69,Vanessa Mateus,557.60,2018
111.694.989-23,Clara Wagner,51.24,2018
111.708.831-54,Raul Mateus,520.00,2018
111.329.118-50,Yuri Rafael,503.70,2018
111.696.238-30,Valeria Vanessa,490.30,2018
111.600.570-00,Paula Raul,491.60,2018
111.131.114-55,Caio Mauricio,477.20,2018
111.487.273-63,Luan Alana,503.90,2018
111.038.571-44,Laura Beatriz,589.70,2018
111.633.600-00,Otavio Caua,698.18,2018
111.921.620-87,Luciana Lais,542.80,2018
111.051.453-93,Daniel Eduardo,0.00,2018
111.046.808-14,Lais Michele,524.40,2018
111.127.780-59,Alice Felipe,39.53,2018
111.058.146-83,Catarina Felipe,38.30,2018
111.304.061-55,Thiago Vitoria,540.80,2018
111.630.419-03,Nicolas Alice,637.00,2018
111.262.361-90,Emilly Bruna,641.54,2018
111.314.782-30,Catarina Carolina,643.00,2018
111.039.825-49,Sophie Manuela,719.62,2018
111.166.861-86,Luciana Maria,43.40,2018
111.938.294-07,Guilhermina Vanessa,507.00,2018
111.673.521-64,Ricardo Marcos,499.90,2018
111.427.552-40,Valentina Sophie,564.40,2018
111.259.176-71,Mariana Caio,0.00,2018
111.483.695-58,Caroline Enzo,603.36,2018
111.402.816-26,Wagner Valeria,538.80,2018
111.572.447-01,Daniel Melissa,0.00,2018
111.250.444-40,Fernando Carolina,487.20,2018
111.391.194-00,Matheus Felipe,0.00,2018
111.637.580-75,Arthur Luana,25.63,2018
111.085.224-80,Alana Melissa,509.20,2018
111.915.288-09,Vinicius Julia,45.00,2018
111.641.829-37,Jose Eloah,512.50,2018
111.795.278-89,Manuela Clara,0.00,2018
111.042.351-04,Bruna Guilhermina,20.82,2018
111.935.413-48,Guilhermina Alex,46.06,2018
111.879.736-50,Isabela Isabela,700.74,2018
111.383.197-50,Vinicius Caio,43.27,2018
111.219.262-00,Viviane Mariana,47.00,2018
111.083.755-70,Valeria Caroline,0.00,2018
111.105.999-09,Camila Yuri,620.46,2018
111.613.635-19,Beatriz Isabela,51.27,2018
111.047.889-79,Lais Roberto,469.80,2018
111.181.327-25,Evelyn Alana,57.57,2018
111.957.483-13,Vinicius Marcelo,458.30,2018
111.496.531-28,Alex Roberto,0.00,2018
111.176.324-94,Larissa Valeria,0.00,2018
111.654.672-65,Gabriel Lucas,562.70,2018
111.402.135-90,Helena Eloah,594.10,2018
111.936.076-92,Camila Melissa,42.00,2018
111.712.042-04,Diego Thiago,650.90,2018
111.285.101-77,Fernando Livia,533.00,2018
111.458.802-71,Nicolas Nathanael,517.80,2018
111.947.283-82,Luca Wagner,41.27,2018
111.684.917-43,Manuela Alana,44.63,2018
111.318.884-66,Michele Enzo,441.70,2018
111.338.970-62,Lorena Cecilia,507.60,2018
111.582.511-02,Maria Diego,40.61,2018
111.491.694-46,Laura Matheus,561.60,2018
111.587.843-11,Mariana Manuela,513.20,2018
111.716.771-08,Vitor Rafael,51.99,2018
111.789.666-60,Clara Roberto,56.44,2018
111.240.549-84,Luca Raul,574.50,2018
111.424.239-76,Bruno Maria,533.90,2018
111.020.034-97,Catarina Lara,641.96,2018
111.710.547-95,Manuela Vitor,467.20,2018
111.863.324-27,Bianca Valentina,21.50,2018
111.521.409-01,Daniel Bruna,19.00,2018
111.468.056-84,Joao Vitoria,560.00,2018
111.277.043-60,Vitor Fernanda,39.44,2018
111.187.207-05,Luciana Amanda,640.20,2018
111.242.815-75,Matheus Julia,570.00,2018
111.384.639-35,Leticia Melissa,558.80,2018
111.610.627-64,Sophie Diego,54.23,2018
111.187.207-50,Maria Alice,462.40,2018
111.965.703-49,Diego Joao,519.60,2018
111.668.801-03,Eduarda Gabriel,46.93,2018
111.590.796-04,Eduarda Eduarda,0.00,2018
111.801.744-95,Guilherme Guilhermina,679.34,2018
111.296.184-72,Carolina Alex,599.40,2018
111.656.143-50,Melissa Valentina,62.20,2018
111.810.821-55,Catarina Vanessa,550.50,2018
111.266.266-30,Valeria Leticia,689.14,2018
111.938.059-35,Carolina Marcelo,0.00,2018
111.902.298-03,Marcelo Vinicius,580.10,2018
111.285.797-79,Renato Marcelo,524.80,2018
111.626.031-55,Melissa Luiz,672.50,2018
111.324.267-17,Amanda Diego,59.81,2018
111.669.368-93,Livia Alana,689.10,2018
111.679.286-90,Caio Natalia,0.00,2018
111.602.502-56,Leandro Lorena,43.98,2018
111.549.445-41,Gustavo Cecilia,504.40,2018
111.386.722-28,Vinicius Helena,506.10,2018
111.292.055-46,Isabela Emilly,46.32,2018
111.416.146-28,Hugo Ricardo,466.03,2018
111.488.311-04,Caua Leticia,381.60,2018
111.360.159-64,Felipe Maria,507.20,2018
111.006.858-12,Amanda Nicolas,0.00,2018
111.028.111-54,Bruna Mauricio,657.06,2018
111.516.801-80,Lorena Laura,0.00,2018
111.882.545-02,Isadora Daniel,43.78,2018
111.702.269-68,Evelyn Mariana,64.20,2018
111.964.845-73,Eloah Gustavo,639.34,2018
111.445.946-34,Pablo Sofia,43.34,2018
111.719.726-89,Vinicius Leonardo,512.10,2018
111.756.781-85,Emilly Vitoria,654.02,2018
111.796.582-41,Alana Pablo,650.76,2018
111.204.590-52,Vanessa Renato,49.69,2018
111.542.262-01,Carolina Caio,50.91,2018
111.720.503-90,Renan Hugo,44.19,2018
111.109.576-15,Caroline Matheus,447.30,2018
111.004.085-09,Ricardo Maria,51.55,2018
111.117.014-55,Livia Leandro,658.40,2018
111.647.017-94,Arthur Renan,0.00,2018
111.554.120-73,Miguel Maria,555.70,2018
111.625.166-23,Daniel Renato,677.62,2018
111.412.561-28,Gustavo Caua,53.00,2018
111.689.290-37,Joao Guilhermina,47.37,2018
111.444.933-40,Thiago Leonardo,38.75,2018
111.663.721-46,Lara Bianca,45.06,2018
111.163.382-07,Daniel Emilly,537.30,2018
111.084.427-32,Jose Luciana,40.90,2018
111.693.259-53,Lara Thales,49.34,2018
111.618.710-77,Maria Lucas,553.50,2018
111.894.388-22,Luan Felipe,18.25,2018
111.639.538-05,Vinicius Thales,0.00,2018
111.542.682-48,Yuri Valentina,56.84,2018
111.351.206-36,Evelyn Luiz,18.00,2018
111.152.525-00,Sophia Vinicius,48.34,2018
111.761.096-74,Nathanael Luiz,47.03,2018
111.244.784-71,Daniel Luan,0.00,2018
111.199.915-55,Lara Otavio,16.50,2018
111.024.491-88,Emilly Bianca,527.00,2018
111.999.683-87,Natalia Valeria,0.00,2018
111.836.518-30,Leonardo Gabriel,54.84,2018
111.623.529-04,Julia Guilherme,656.82,2018
111.534.932-95,Isadora Michele,455.03,2018
111.048.023-04,Leticia Emilly,658.04,2018
111.549.589-56,Yuri Laura,37.14,2018
111.895.319-32,Eduardo Renan,43.17,2018
111.810.784-50,Joao Gabriel,515.80,2018
111.127.091-41,Ricardo Lais,522.00,2018
111.244.672-42,Thales Renan,576.50,2018
111.653.648-43,Enzo Eloah,664.50,2018
111.537.395-01,Lais Beatriz,500.40,2018
111.244.537-72,Maria Caio,514.90,2018
111.011.718-95,Enzo Maria,450.20,2018
111.204.486-01,Renan Gabriel,621.80,2018
111.581.994-03,Livia Leticia,497.60,2018
111.070.379-23,Guilhermina Luana,53.51,2018
111.036.679-29,Alice Leticia,715.62,2018
111.060.426-21,Fernanda Bruna,589.90,2018
111.087.352-22,Manuela Julia,493.00,2018
111.587.801-28,Guilherme Roberto,517.90,2018
111.421.903-00,Caio Renan,18.00,2018
111.945.701-28,Laura Felipe,48.67,2018
111.850.070-14,Laura Gabriel,524.80,2018
111.033.386-12,Beatriz Leandro,547.60,2018
111.757.392-01,Cecilia Lucas,546.80,2018
111.231.725-02,Vanessa Pablo,45.93,2018
111.472.364-12,Manuela Fernando,697.66,2018
111.056.265-67,Bruno Arthur,505.30,2018
111.907.993-42,Vanessa Mariana,509.00,2018
111.616.618-21,Otavio Viviane,50.84,2018
111.172.732-69,Gustavo Bruno,53.06,2018
111.434.199-23,Viviane Rodrigo,34.61,2018
111.401.154-93,Leonardo Evelyn,529.80,2018
111.666.943-51,Daniel Vanessa,48.30,2018
111.893.127-86,Clara Diego,508.10,2018
111.096.074-60,Luciana Yuri,42.58,2018
111.087.345-61,Luan Fernando,42.13,2018
111.036.905-11,Eduardo Renan,523.20,2018
111.851.876-78,Emilly Hugo,538.10,2018
111.950.590-98,Alex Eduarda,0.00,2018
111.537.598-93,Caroline Luan,624.18,2018
